abs_word_idx,timestamp_s,packet_num,frame_length,passed_valid
0,0.0,5,737,0
737,9.2125e-05,7,250,1
987,0.000123375,0,250,1
1237,0.000154625,1,250,1
1487,0.000185875,2,250,1
1737,0.000217125,3,250,1
1987,0.000248375,4,250,1
2237,0.000279625,5,250,1
2487,0.000310875,6,250,1
2737,0.000342125,7,250,1
2987,0.000373375,0,250,1
3237,0.000404625,1,248,1
3485,0.000435625,2,250,1
3735,0.000466875,3,250,1
3985,0.000498125,4,250,1
4235,0.000529375,5,250,1
4485,0.000560625,6,250,1
4735,0.000591875,7,250,1
4985,0.000623125,0,250,1
5235,0.000654375,1,250,1
5485,0.000685625,2,250,1
5735,0.000716875,3,250,1
5985,0.000748125,4,250,1
6235,0.000779375,5,250,1
6485,0.000810625,6,250,1
6735,0.000841875,7,250,1
6985,0.000873125,0,250,1
7235,0.000904375,1,250,1
7485,0.000935625,2,250,1
7735,0.000966875,3,250,1
7985,0.000998125,4,248,1
8233,0.001029125,5,250,1
8483,0.001060375,6,250,1
8733,0.001091625,7,250,1
8983,0.001122875,0,250,1
9233,0.001154125,1,250,1
9483,0.001185375,2,250,1
9733,0.001216625,3,250,1
9983,0.001247875,4,250,1
10233,0.001279125,5,250,1
10483,0.001310375,6,250,1
10733,0.001341625,7,250,1
10983,0.001372875,0,250,1
11233,0.001404125,1,250,1
11483,0.001435375,2,250,1
11733,0.001466625,3,250,1
11983,0.001497875,4,250,1
12233,0.001529125,5,250,1
12483,0.001560375,6,250,1
12733,0.001591625,7,248,1
12981,0.001622625,0,250,1
13231,0.001653875,1,250,1
13481,0.001685125,2,250,1
13731,0.001716375,3,250,1
13981,0.001747625,4,250,1
14231,0.001778875,5,250,1
14481,0.001810125,6,250,1
14731,0.001841375,7,250,1
14981,0.001872625,0,250,1
15231,0.001903875,1,250,1
15481,0.001935125,2,250,1
15731,0.001966375,3,250,1
15981,0.001997625,4,250,1
16231,0.002028875,5,250,1
16481,0.002060125,6,250,1
16731,0.002091375,7,250,1
16981,0.002122625,0,250,1
17231,0.002153875,1,250,1
17481,0.002185125,2,248,1
17729,0.002216125,3,250,1
17979,0.002247375,4,250,1
18229,0.002278625,5,250,1
18479,0.002309875,6,250,1
18729,0.002341125,7,250,1
18979,0.002372375,0,250,1
19229,0.002403625,1,250,1
19479,0.002434875,2,250,1
19729,0.002466125,3,250,1
19979,0.002497375,4,250,1
20229,0.002528625,5,250,1
20479,0.002559875,6,250,1
20729,0.002591125,7,250,1
20979,0.002622375,0,250,1
21229,0.002653625,1,250,1
21479,0.002684875,2,250,1
21729,0.002716125,3,250,1
21979,0.002747375,4,250,1
22229,0.002778625,5,250,1
22479,0.002809875,6,248,1
22727,0.002840875,7,250,1
22977,0.002872125,0,250,1
23227,0.002903375,1,250,1
23477,0.002934625,2,250,1
23727,0.002965875,3,250,1
23977,0.002997125,4,250,1
24227,0.003028375,5,250,1
24477,0.003059625,6,250,1
24727,0.003090875,7,250,1
24977,0.003122125,0,250,1
25227,0.003153375,1,250,1
25477,0.003184625,2,250,1
25727,0.003215875,3,250,1
25977,0.003247125,4,250,1
26227,0.003278375,5,250,1
26477,0.003309625,6,250,1
26727,0.003340875,7,250,1
26977,0.003372125,0,250,1
27227,0.003403375,1,248,1
27475,0.003434375,2,250,1
27725,0.003465625,3,250,1
27975,0.003496875,4,250,1
28225,0.003528125,5,250,1
28475,0.003559375,6,250,1
28725,0.003590625,7,250,1
28975,0.003621875,0,250,1
29225,0.003653125,1,250,1
29475,0.003684375,2,250,1
29725,0.003715625,3,250,1
29975,0.003746875,4,250,1
30225,0.003778125,5,250,1
30475,0.003809375,6,250,1
30725,0.003840625,7,250,1
30975,0.003871875,0,250,1
31225,0.003903125,1,250,1
31475,0.003934375,2,250,1
31725,0.003965625,3,250,1
31975,0.003996875,4,248,1
32223,0.004027875,5,250,1
32473,0.004059125,6,250,1
32723,0.004090375,7,250,1
32973,0.004121625,0,250,1
33223,0.004152875,1,250,1
33473,0.004184125,2,250,1
33723,0.004215375,3,250,1
33973,0.004246625,4,250,1
34223,0.004277875,5,250,1
34473,0.004309125,6,250,1
34723,0.004340375,7,250,1
34973,0.004371625,0,250,1
35223,0.004402875,1,250,1
35473,0.004434125,2,250,1
35723,0.004465375,3,250,1
35973,0.004496625,4,250,1
36223,0.004527875,5,250,1
36473,0.004559125,6,250,1
36723,0.004590375,7,248,1
36971,0.004621375,0,250,1
37221,0.004652625,1,250,1
37471,0.004683875,2,250,1
37721,0.004715125,3,250,1
37971,0.004746375,4,250,1
38221,0.004777625,5,250,1
38471,0.004808875,6,250,1
38721,0.004840125,7,250,1
38971,0.004871375,0,250,1
39221,0.004902625,1,250,1
39471,0.004933875,2,250,1
39721,0.004965125,3,250,1
39971,0.004996375,4,250,1
40221,0.005027625,5,250,1
40471,0.005058875,6,250,1
40721,0.005090125,7,250,1
40971,0.005121375,0,250,1
41221,0.005152625,1,250,1
41471,0.005183875,2,248,1
41719,0.005214875,3,250,1
41969,0.005246125,4,250,1
42219,0.005277375,5,250,1
42469,0.005308625,6,250,1
42719,0.005339875,7,250,1
42969,0.005371125,0,250,1
43219,0.005402375,1,250,1
43469,0.005433625,2,250,1
43719,0.005464875,3,250,1
43969,0.005496125,4,250,1
44219,0.005527375,5,250,1
44469,0.005558625,6,250,1
44719,0.005589875,7,250,1
44969,0.005621125,0,250,1
45219,0.005652375,1,250,1
45469,0.005683625,2,250,1
45719,0.005714875,3,250,1
45969,0.005746125,4,250,1
46219,0.005777375,5,248,1
46467,0.005808375,6,250,1
46717,0.005839625,7,250,1
46967,0.005870875,0,250,1
47217,0.005902125,1,250,1
47467,0.005933375,2,250,1
47717,0.005964625,3,250,1
47967,0.005995875,4,250,1
48217,0.006027125,5,250,1
48467,0.006058375,6,250,1
48717,0.006089625,7,250,1
48967,0.006120875,0,250,1
49217,0.006152125,1,250,1
49467,0.006183375,2,250,1
49717,0.006214625,3,250,1
49967,0.006245875,4,250,1
50217,0.006277125,5,250,1
50467,0.006308375,6,250,1
50717,0.006339625,7,250,1
50967,0.006370875,0,248,1
51215,0.006401875,1,250,1
51465,0.006433125,2,250,1
51715,0.006464375,3,250,1
51965,0.006495625,4,250,1
52215,0.006526875,5,250,1
52465,0.006558125,6,250,1
52715,0.006589375,7,250,1
52965,0.006620625,0,250,1
53215,0.006651875,1,250,1
53465,0.006683125,2,250,1
53715,0.006714375,3,250,1
53965,0.006745625,4,250,1
54215,0.006776875,5,250,1
54465,0.006808125,6,250,1
54715,0.006839375,7,250,1
54965,0.006870625,0,250,1
55215,0.006901875,1,250,1
55465,0.006933125,2,250,1
55715,0.006964375,3,248,1
55963,0.006995375,4,250,1
56213,0.007026625,5,250,1
56463,0.007057875,6,250,1
56713,0.007089125,7,250,1
56963,0.007120375,0,250,1
57213,0.007151625,1,250,1
57463,0.007182875,2,250,1
57713,0.007214125,3,250,1
57963,0.007245375,4,250,1
58213,0.007276625,5,250,1
58463,0.007307875,6,250,1
58713,0.007339125,7,250,1
58963,0.007370375,0,250,1
59213,0.007401625,1,250,1
59463,0.007432875,2,250,1
59713,0.007464125,3,250,1
59963,0.007495375,4,250,1
60213,0.007526625,5,250,1
60463,0.007557875,6,250,1
60713,0.007589125,7,248,1
60961,0.007620125,0,250,1
61211,0.007651375,1,250,1
61461,0.007682625,2,250,1
61711,0.007713875,3,250,1
61961,0.007745125,4,250,1
62211,0.007776375,5,250,1
62461,0.007807625,6,250,1
62711,0.007838875,7,250,1
62961,0.007870125,0,250,1
63211,0.007901375,1,250,1
63461,0.007932625,2,250,1
63711,0.007963875,3,250,1
63961,0.007995125,4,250,1
64211,0.008026375,5,250,1
64461,0.008057625,6,250,1
64711,0.008088875,7,250,1
64961,0.008120125,0,250,1
65211,0.008151375,1,250,1
65461,0.008182625,2,248,1
65709,0.008213625,3,250,1
65959,0.008244875,4,250,1
66209,0.008276125,5,250,1
66459,0.008307375,6,250,1
66709,0.008338625,7,250,1
66959,0.008369875,0,250,1
67209,0.008401125,1,250,1
67459,0.008432375,2,250,1
67709,0.008463625,3,250,1
67959,0.008494875,4,250,1
68209,0.008526125,5,250,1
68459,0.008557375,6,250,1
68709,0.008588625,7,250,1
68959,0.008619875,0,250,1
69209,0.008651125,1,250,1
69459,0.008682375,2,250,1
69709,0.008713625,3,250,1
69959,0.008744875,4,250,1
70209,0.008776125,5,248,1
70457,0.008807125,6,250,1
70707,0.008838375,7,250,1
70957,0.008869625,0,250,1
71207,0.008900875,1,250,1
71457,0.008932125,2,250,1
71707,0.008963375,3,250,1
71957,0.008994625,4,250,1
72207,0.009025875,5,250,1
72457,0.009057125,6,250,1
72707,0.009088375,7,250,1
72957,0.009119625,0,250,1
73207,0.009150875,1,250,1
73457,0.009182125,2,250,1
73707,0.009213375,3,250,1
73957,0.009244625,4,250,1
74207,0.009275875,5,250,1
74457,0.009307125,6,250,1
74707,0.009338375,7,250,1
74957,0.009369625,0,248,1
75205,0.009400625,1,250,1
75455,0.009431875,2,250,1
75705,0.009463125,3,250,1
75955,0.009494375,4,250,1
76205,0.009525625,5,250,1
76455,0.009556875,6,250,1
76705,0.009588125,7,250,1
76955,0.009619375,0,250,1
77205,0.009650625,1,250,1
77455,0.009681875,2,250,1
77705,0.009713125,3,250,1
77955,0.009744375,4,250,1
78205,0.009775625,5,250,1
78455,0.009806875,6,250,1
78705,0.009838125,7,250,1
78955,0.009869375,0,250,1
79205,0.009900625,1,250,1
79455,0.009931875,2,250,1
79705,0.009963125,3,248,1
79953,0.009994125,4,250,1
80203,0.010025375,5,250,1
80453,0.010056625,6,250,1
80703,0.010087875,7,250,1
80953,0.010119125,0,250,1
81203,0.010150375,1,250,1
81453,0.010181625,2,250,1
81703,0.010212875,3,250,1
81953,0.010244125,4,250,1
82203,0.010275375,5,250,1
82453,0.010306625,6,250,1
82703,0.010337875,7,250,1
82953,0.010369125,0,250,1
83203,0.010400375,1,250,1
83453,0.010431625,2,250,1
83703,0.010462875,3,250,1
83953,0.010494125,4,250,1
84203,0.010525375,5,250,1
84453,0.010556625,6,250,1
84703,0.010587875,7,248,1
84951,0.010618875,0,250,1
85201,0.010650125,1,250,1
85451,0.010681375,2,250,1
85701,0.010712625,3,250,1
85951,0.010743875,4,250,1
86201,0.010775125,5,250,1
86451,0.010806375,6,250,1
86701,0.010837625,7,250,1
86951,0.010868875,0,250,1
87201,0.010900125,1,250,1
87451,0.010931375,2,250,1
87701,0.010962625,3,250,1
87951,0.010993875,4,250,1
88201,0.011025125,5,250,1
88451,0.011056375,6,250,1
88701,0.011087625,7,250,1
88951,0.011118875,0,250,1
89201,0.011150125,1,250,1
89451,0.011181375,2,248,1
89699,0.011212375,3,250,1
89949,0.011243625,4,250,1
90199,0.011274875,5,250,1
90449,0.011306125,6,250,1
90699,0.011337375,7,250,1
90949,0.011368625,0,250,1
91199,0.011399875,1,250,1
91449,0.011431125,2,250,1
91699,0.011462375,3,250,1
91949,0.011493625,4,250,1
92199,0.011524875,5,250,1
92449,0.011556125,6,250,1
92699,0.011587375,7,250,1
92949,0.011618625,0,250,1
93199,0.011649875,1,250,1
93449,0.011681125,2,250,1
93699,0.011712375,3,250,1
93949,0.011743625,4,250,1
94199,0.011774875,5,248,1
94447,0.011805875,6,250,1
94697,0.011837125,7,250,1
94947,0.011868375,0,250,1
95197,0.011899625,1,250,1
95447,0.011930875,2,250,1
95697,0.011962125,3,250,1
95947,0.011993375,4,250,1
96197,0.012024625,5,250,1
96447,0.012055875,6,250,1
96697,0.012087125,7,250,1
96947,0.012118375,0,250,1
97197,0.012149625,1,250,1
97447,0.012180875,2,250,1
97697,0.012212125,3,250,1
97947,0.012243375,4,250,1
98197,0.012274625,5,250,1
98447,0.012305875,6,250,1
98697,0.012337125,7,250,1
98947,0.012368375,0,248,1
99195,0.012399375,1,250,1
99445,0.012430625,2,250,1
99695,0.012461875,3,250,1
99945,0.012493125,4,250,1
100195,0.012524375,5,250,1
100445,0.012555625,6,250,1
100695,0.012586875,7,250,1
100945,0.012618125,0,250,1
101195,0.012649375,1,250,1
101445,0.012680625,2,250,1
101695,0.012711875,3,250,1
101945,0.012743125,4,250,1
102195,0.012774375,5,250,1
102445,0.012805625,6,250,1
102695,0.012836875,7,250,1
102945,0.012868125,0,250,1
103195,0.012899375,1,250,1
103445,0.012930625,2,250,1
103695,0.012961875,3,248,1
103943,0.012992875,4,250,1
104193,0.013024125,5,250,1
104443,0.013055375,6,250,1
104693,0.013086625,7,250,1
104943,0.013117875,0,250,1
105193,0.013149125,1,250,1
105443,0.013180375,2,250,1
105693,0.013211625,3,250,1
105943,0.013242875,4,250,1
106193,0.013274125,5,250,1
106443,0.013305375,6,250,1
106693,0.013336625,7,250,1
106943,0.013367875,0,250,1
107193,0.013399125,1,250,1
107443,0.013430375,2,250,1
107693,0.013461625,3,250,1
107943,0.013492875,4,250,1
108193,0.013524125,5,250,1
108443,0.013555375,6,248,1
108691,0.013586375,7,250,1
108941,0.013617625,0,250,1
109191,0.013648875,1,250,1
109441,0.013680125,2,250,1
109691,0.013711375,3,250,1
109941,0.013742625,4,250,1
110191,0.013773875,5,250,1
110441,0.013805125,6,250,1
110691,0.013836375,7,250,1
110941,0.013867625,0,250,1
111191,0.013898875,1,250,1
111441,0.013930125,2,250,1
111691,0.013961375,3,250,1
111941,0.013992625,4,250,1
112191,0.014023875,5,250,1
112441,0.014055125,6,250,1
112691,0.014086375,7,250,1
112941,0.014117625,0,250,1
113191,0.014148875,1,250,1
113441,0.014180125,2,248,1
113689,0.014211125,3,250,1
113939,0.014242375,4,250,1
114189,0.014273625,5,250,1
114439,0.014304875,6,250,1
114689,0.014336125,7,250,1
114939,0.014367375,0,250,1
115189,0.014398625,1,250,1
115439,0.014429875,2,250,1
115689,0.014461125,3,250,1
115939,0.014492375,4,250,1
116189,0.014523625,5,250,1
116439,0.014554875,6,250,1
116689,0.014586125,7,250,1
116939,0.014617375,0,250,1
117189,0.014648625,1,250,1
117439,0.014679875,2,250,1
117689,0.014711125,3,250,1
117939,0.014742375,4,250,1
118189,0.014773625,5,248,1
118437,0.014804625,6,250,1
118687,0.014835875,7,250,1
118937,0.014867125,0,250,1
119187,0.014898375,1,250,1
119437,0.014929625,2,250,1
119687,0.014960875,3,250,1
119937,0.014992125,4,250,1
120187,0.015023375,5,250,1
120437,0.015054625,6,250,1
120687,0.015085875,7,250,1
120937,0.015117125,0,250,1
121187,0.015148375,1,250,1
121437,0.015179625,2,250,1
121687,0.015210875,3,250,1
121937,0.015242125,4,250,1
122187,0.015273375,5,250,1
122437,0.015304625,6,250,1
122687,0.015335875,7,250,1
122937,0.015367125,0,248,1
123185,0.015398125,1,250,1
123435,0.015429375,2,250,1
123685,0.015460625,3,250,1
123935,0.015491875,4,250,1
124185,0.015523125,5,250,1
124435,0.015554375,6,250,1
124685,0.015585625,7,250,1
124935,0.015616875,0,250,1
125185,0.015648125,1,250,1
125435,0.015679375,2,250,1
125685,0.015710625,3,250,1
125935,0.015741875,4,250,1
126185,0.015773125,5,250,1
126435,0.015804375,6,250,1
126685,0.015835625,7,250,1
126935,0.015866875,0,250,1
127185,0.015898125,1,250,1
127435,0.015929375,2,250,1
127685,0.015960625,3,248,1
127933,0.015991625,4,250,1
128183,0.016022875,5,250,1
128433,0.016054125,6,250,1
128683,0.016085375,7,250,1
128933,0.016116625,0,250,1
129183,0.016147875,1,250,1
129433,0.016179125,2,250,1
129683,0.016210375,3,250,1
129933,0.016241625,4,250,1
130183,0.016272875,5,250,1
130433,0.016304125,6,250,1
130683,0.016335375,7,250,1
130933,0.016366625,0,250,1
131183,0.016397875,1,250,1
131433,0.016429125,2,250,1
131683,0.016460375,3,250,1
131933,0.016491625,4,250,1
132183,0.016522875,5,250,1
132433,0.016554125,6,248,1
132681,0.016585125,7,250,1
132931,0.016616375,0,250,1
133181,0.016647625,1,250,1
133431,0.016678875,2,250,1
133681,0.016710125,3,250,1
133931,0.016741375,4,250,1
134181,0.016772625,5,250,1
134431,0.016803875,6,250,1
134681,0.016835125,7,250,1
134931,0.016866375,0,250,1
135181,0.016897625,1,250,1
135431,0.016928875,2,250,1
135681,0.016960125,3,250,1
135931,0.016991375,4,250,1
136181,0.017022625,5,250,1
136431,0.017053875,6,250,1
136681,0.017085125,7,250,1
136931,0.017116375,0,250,1
137181,0.017147625,1,248,1
137429,0.017178625,2,250,1
137679,0.017209875,3,250,1
137929,0.017241125,4,250,1
138179,0.017272375,5,250,1
138429,0.017303625,6,250,1
138679,0.017334875,7,250,1
138929,0.017366125,0,250,1
139179,0.017397375,1,250,1
139429,0.017428625,2,250,1
139679,0.017459875,3,250,1
139929,0.017491125,4,250,1
140179,0.017522375,5,250,1
140429,0.017553625,6,250,1
140679,0.017584875,7,250,1
140929,0.017616125,0,250,1
141179,0.017647375,1,250,1
141429,0.017678625,2,250,1
141679,0.017709875,3,250,1
141929,0.017741125,4,248,1
142177,0.017772125,5,250,1
142427,0.017803375,6,250,1
142677,0.017834625,7,250,1
142927,0.017865875,0,250,1
143177,0.017897125,1,250,1
143427,0.017928375,2,250,1
143677,0.017959625,3,250,1
143927,0.017990875,4,250,1
144177,0.018022125,5,250,1
144427,0.018053375,6,250,1
144677,0.018084625,7,250,1
144927,0.018115875,0,250,1
145177,0.018147125,1,250,1
145427,0.018178375,2,250,1
145677,0.018209625,3,250,1
145927,0.018240875,4,250,1
146177,0.018272125,5,250,1
146427,0.018303375,6,250,1
146677,0.018334625,7,250,1
146927,0.018365875,0,248,1
147175,0.018396875,1,250,1
147425,0.018428125,2,250,1
147675,0.018459375,3,250,1
147925,0.018490625,4,250,1
148175,0.018521875,5,250,1
148425,0.018553125,6,250,1
148675,0.018584375,7,250,1
148925,0.018615625,0,250,1
149175,0.018646875,1,250,1
149425,0.018678125,2,250,1
149675,0.018709375,3,250,1
149925,0.018740625,4,250,1
150175,0.018771875,5,250,1
150425,0.018803125,6,250,1
150675,0.018834375,7,250,1
150925,0.018865625,0,250,1
151175,0.018896875,1,250,1
151425,0.018928125,2,250,1
151675,0.018959375,3,248,1
151923,0.018990375,4,250,1
152173,0.019021625,5,250,1
152423,0.019052875,6,250,1
152673,0.019084125,7,250,1
152923,0.019115375,0,250,1
153173,0.019146625,1,250,1
153423,0.019177875,2,250,1
153673,0.019209125,3,250,1
153923,0.019240375,4,250,1
154173,0.019271625,5,250,1
154423,0.019302875,6,250,1
154673,0.019334125,7,250,1
154923,0.019365375,0,250,1
155173,0.019396625,1,250,1
155423,0.019427875,2,250,1
155673,0.019459125,3,250,1
155923,0.019490375,4,250,1
156173,0.019521625,5,250,1
156423,0.019552875,6,248,1
156671,0.019583875,7,250,1
156921,0.019615125,0,250,1
157171,0.019646375,1,250,1
157421,0.019677625,2,250,1
157671,0.019708875,3,250,1
157921,0.019740125,4,250,1
158171,0.019771375,5,250,1
158421,0.019802625,6,250,1
158671,0.019833875,7,250,1
158921,0.019865125,0,250,1
159171,0.019896375,1,250,1
159421,0.019927625,2,250,1
159671,0.019958875,3,250,1
159921,0.019990125,4,250,1
160171,0.020021375,5,250,1
160421,0.020052625,6,250,1
160671,0.020083875,7,250,1
160921,0.020115125,0,250,1
161171,0.020146375,1,248,1
161419,0.020177375,2,250,1
161669,0.020208625,3,250,1
161919,0.020239875,4,250,1
162169,0.020271125,5,250,1
162419,0.020302375,6,250,1
162669,0.020333625,7,250,1
162919,0.020364875,0,250,1
163169,0.020396125,1,250,1
163419,0.020427375,2,250,1
163669,0.020458625,3,250,1
163919,0.020489875,4,250,1
164169,0.020521125,5,250,1
164419,0.020552375,6,250,1
164669,0.020583625,7,250,1
164919,0.020614875,0,250,1
165169,0.020646125,1,250,1
165419,0.020677375,2,250,1
165669,0.020708625,3,250,1
165919,0.020739875,4,248,1
166167,0.020770875,5,250,1
166417,0.020802125,6,250,1
166667,0.020833375,7,250,1
166917,0.020864625,0,250,1
167167,0.020895875,1,250,1
167417,0.020927125,2,250,1
167667,0.020958375,3,250,1
167917,0.020989625,4,250,1
168167,0.021020875,5,250,1
168417,0.021052125,6,250,1
168667,0.021083375,7,250,1
168917,0.021114625,0,250,1
169167,0.021145875,1,250,1
169417,0.021177125,2,250,1
169667,0.021208375,3,250,1
169917,0.021239625,4,250,1
170167,0.021270875,5,250,1
170417,0.021302125,6,250,1
170667,0.021333375,7,250,1
170917,0.021364625,0,248,1
171165,0.021395625,1,250,1
171415,0.021426875,2,250,1
171665,0.021458125,3,250,1
171915,0.021489375,4,250,1
172165,0.021520625,5,250,1
172415,0.021551875,6,250,1
172665,0.021583125,7,250,1
172915,0.021614375,0,250,1
173165,0.021645625,1,250,1
173415,0.021676875,2,250,1
173665,0.021708125,3,250,1
173915,0.021739375,4,250,1
174165,0.021770625,5,250,1
174415,0.021801875,6,250,1
174665,0.021833125,7,250,1
174915,0.021864375,0,250,1
175165,0.021895625,1,250,1
175415,0.021926875,2,250,1
175665,0.021958125,3,248,1
175913,0.021989125,4,250,1
176163,0.022020375,5,250,1
176413,0.022051625,6,250,1
176663,0.022082875,7,250,1
176913,0.022114125,0,250,1
177163,0.022145375,1,250,1
177413,0.022176625,2,250,1
177663,0.022207875,3,250,1
177913,0.022239125,4,250,1
178163,0.022270375,5,250,1
178413,0.022301625,6,250,1
178663,0.022332875,7,250,1
178913,0.022364125,0,250,1
179163,0.022395375,1,250,1
179413,0.022426625,2,250,1
179663,0.022457875,3,250,1
179913,0.022489125,4,250,1
180163,0.022520375,5,250,1
180413,0.022551625,6,248,1
180661,0.022582625,7,250,1
180911,0.022613875,0,250,1
181161,0.022645125,1,250,1
181411,0.022676375,2,250,1
181661,0.022707625,3,250,1
181911,0.022738875,4,250,1
182161,0.022770125,5,250,1
182411,0.022801375,6,250,1
182661,0.022832625,7,250,1
182911,0.022863875,0,250,1
183161,0.022895125,1,250,1
183411,0.022926375,2,250,1
183661,0.022957625,3,250,1
183911,0.022988875,4,250,1
184161,0.023020125,5,250,1
184411,0.023051375,6,250,1
184661,0.023082625,7,250,1
184911,0.023113875,0,250,1
185161,0.023145125,1,248,1
185409,0.023176125,2,250,1
185659,0.023207375,3,250,1
185909,0.023238625,4,250,1
186159,0.023269875,5,250,1
186409,0.023301125,6,250,1
186659,0.023332375,7,250,1
186909,0.023363625,0,250,1
187159,0.023394875,1,250,1
187409,0.023426125,2,250,1
187659,0.023457375,3,250,1
187909,0.023488625,4,250,1
188159,0.023519875,5,250,1
188409,0.023551125,6,250,1
188659,0.023582375,7,250,1
188909,0.023613625,0,250,1
189159,0.023644875,1,250,1
189409,0.023676125,2,250,1
189659,0.023707375,3,250,1
189909,0.023738625,4,248,1
190157,0.023769625,5,250,1
190407,0.023800875,6,250,1
190657,0.023832125,7,250,1
190907,0.023863375,0,250,1
191157,0.023894625,1,250,1
191407,0.023925875,2,250,1
191657,0.023957125,3,250,1
191907,0.023988375,4,250,1
192157,0.024019625,5,250,1
192407,0.024050875,6,250,1
192657,0.024082125,7,250,1
192907,0.024113375,0,250,1
193157,0.024144625,1,250,1
193407,0.024175875,2,250,1
193657,0.024207125,3,250,1
193907,0.024238375,4,250,1
194157,0.024269625,5,250,1
194407,0.024300875,6,250,1
194657,0.024332125,7,248,1
194905,0.024363125,0,250,1
195155,0.024394375,1,250,1
195405,0.024425625,2,250,1
195655,0.024456875,3,250,1
195905,0.024488125,4,250,1
196155,0.024519375,5,250,1
196405,0.024550625,6,250,1
196655,0.024581875,7,250,1
196905,0.024613125,0,250,1
197155,0.024644375,1,250,1
197405,0.024675625,2,250,1
197655,0.024706875,3,250,1
197905,0.024738125,4,250,1
198155,0.024769375,5,250,1
198405,0.024800625,6,250,1
198655,0.024831875,7,250,1
198905,0.024863125,0,250,1
199155,0.024894375,1,250,1
199405,0.024925625,2,248,1
199653,0.024956625,3,250,1
199903,0.024987875,4,250,1
200153,0.025019125,5,250,1
200403,0.025050375,6,250,1
200653,0.025081625,7,250,1
200903,0.025112875,0,250,1
201153,0.025144125,1,250,1
201403,0.025175375,2,250,1
201653,0.025206625,3,250,1
201903,0.025237875,4,250,1
202153,0.025269125,5,250,1
202403,0.025300375,6,250,1
202653,0.025331625,7,250,1
202903,0.025362875,0,250,1
203153,0.025394125,1,250,1
203403,0.025425375,2,250,1
203653,0.025456625,3,250,1
203903,0.025487875,4,250,1
204153,0.025519125,5,250,1
204403,0.025550375,6,248,1
204651,0.025581375,7,250,1
204901,0.025612625,0,250,1
205151,0.025643875,1,250,1
205401,0.025675125,2,250,1
205651,0.025706375,3,250,1
205901,0.025737625,4,250,1
206151,0.025768875,5,250,1
206401,0.025800125,6,250,1
206651,0.025831375,7,250,1
206901,0.025862625,0,250,1
207151,0.025893875,1,250,1
207401,0.025925125,2,250,1
207651,0.025956375,3,250,1
207901,0.025987625,4,250,1
208151,0.026018875,5,250,1
208401,0.026050125,6,250,1
208651,0.026081375,7,250,1
208901,0.026112625,0,250,1
209151,0.026143875,1,248,1
209399,0.026174875,2,250,1
209649,0.026206125,3,250,1
209899,0.026237375,4,250,1
210149,0.026268625,5,250,1
210399,0.026299875,6,250,1
210649,0.026331125,7,250,1
210899,0.026362375,0,250,1
211149,0.026393625,1,250,1
211399,0.026424875,2,250,1
211649,0.026456125,3,250,1
211899,0.026487375,4,250,1
212149,0.026518625,5,250,1
212399,0.026549875,6,250,1
212649,0.026581125,7,250,1
212899,0.026612375,0,250,1
213149,0.026643625,1,250,1
213399,0.026674875,2,250,1
213649,0.026706125,3,250,1
213899,0.026737375,4,248,1
214147,0.026768375,5,250,1
214397,0.026799625,6,250,1
214647,0.026830875,7,250,1
214897,0.026862125,0,250,1
215147,0.026893375,1,250,1
215397,0.026924625,2,250,1
215647,0.026955875,3,250,1
215897,0.026987125,4,250,1
216147,0.027018375,5,250,1
216397,0.027049625,6,250,1
216647,0.027080875,7,250,1
216897,0.027112125,0,250,1
217147,0.027143375,1,250,1
217397,0.027174625,2,250,1
217647,0.027205875,3,250,1
217897,0.027237125,4,250,1
218147,0.027268375,5,250,1
218397,0.027299625,6,250,1
218647,0.027330875,7,248,1
218895,0.027361875,0,250,1
219145,0.027393125,1,250,1
219395,0.027424375,2,250,1
219645,0.027455625,3,250,1
219895,0.027486875,4,250,1
220145,0.027518125,5,250,1
220395,0.027549375,6,250,1
220645,0.027580625,7,250,1
220895,0.027611875,0,250,1
221145,0.027643125,1,250,1
221395,0.027674375,2,250,1
221645,0.027705625,3,250,1
221895,0.027736875,4,250,1
222145,0.027768125,5,250,1
222395,0.027799375,6,250,1
222645,0.027830625,7,250,1
222895,0.027861875,0,250,1
223145,0.027893125,1,250,1
223395,0.027924375,2,248,1
223643,0.027955375,3,250,1
223893,0.027986625,4,250,1
224143,0.028017875,5,250,1
224393,0.028049125,6,250,1
224643,0.028080375,7,250,1
224893,0.028111625,0,250,1
225143,0.028142875,1,250,1
225393,0.028174125,2,250,1
225643,0.028205375,3,250,1
225893,0.028236625,4,250,1
226143,0.028267875,5,250,1
226393,0.028299125,6,250,1
226643,0.028330375,7,250,1
226893,0.028361625,0,250,1
227143,0.028392875,1,250,1
227393,0.028424125,2,250,1
227643,0.028455375,3,250,1
227893,0.028486625,4,250,1
228143,0.028517875,5,248,1
228391,0.028548875,6,250,1
228641,0.028580125,7,250,1
228891,0.028611375,0,250,1
229141,0.028642625,1,250,1
229391,0.028673875,2,250,1
229641,0.028705125,3,250,1
229891,0.028736375,4,250,1
230141,0.028767625,5,250,1
230391,0.028798875,6,250,1
230641,0.028830125,7,250,1
230891,0.028861375,0,250,1
231141,0.028892625,1,250,1
231391,0.028923875,2,250,1
231641,0.028955125,3,250,1
231891,0.028986375,4,250,1
232141,0.029017625,5,250,1
232391,0.029048875,6,250,1
232641,0.029080125,7,250,1
232891,0.029111375,0,248,1
233139,0.029142375,1,250,1
233389,0.029173625,2,250,1
233639,0.029204875,3,250,1
233889,0.029236125,4,250,1
234139,0.029267375,5,250,1
234389,0.029298625,6,250,1
234639,0.029329875,7,250,1
234889,0.029361125,0,250,1
235139,0.029392375,1,250,1
235389,0.029423625,2,250,1
235639,0.029454875,3,250,1
235889,0.029486125,4,250,1
236139,0.029517375,5,250,1
236389,0.029548625,6,250,1
236639,0.029579875,7,250,1
236889,0.029611125,0,250,1
237139,0.029642375,1,250,1
237389,0.029673625,2,250,1
237639,0.029704875,3,250,1
237889,0.029736125,4,248,1
238137,0.029767125,5,250,1
238387,0.029798375,6,250,1
238637,0.029829625,7,250,1
238887,0.029860875,0,250,1
239137,0.029892125,1,250,1
239387,0.029923375,2,250,1
239637,0.029954625,3,250,1
239887,0.029985875,4,250,1
240137,0.030017125,5,250,1
240387,0.030048375,6,250,1
240637,0.030079625,7,250,1
240887,0.030110875,0,250,1
241137,0.030142125,1,250,1
241387,0.030173375,2,250,1
241637,0.030204625,3,250,1
241887,0.030235875,4,250,1
242137,0.030267125,5,250,1
242387,0.030298375,6,250,1
242637,0.030329625,7,248,1
242885,0.030360625,0,250,1
243135,0.030391875,1,250,1
243385,0.030423125,2,250,1
243635,0.030454375,3,250,1
243885,0.030485625,4,250,1
244135,0.030516875,5,250,1
244385,0.030548125,6,250,1
244635,0.030579375,7,250,1
244885,0.030610625,0,250,1
245135,0.030641875,1,250,1
245385,0.030673125,2,250,1
245635,0.030704375,3,250,1
245885,0.030735625,4,250,1
246135,0.030766875,5,250,1
246385,0.030798125,6,250,1
246635,0.030829375,7,250,1
246885,0.030860625,0,250,1
247135,0.030891875,1,250,1
247385,0.030923125,2,248,1
247633,0.030954125,3,250,1
247883,0.030985375,4,250,1
248133,0.031016625,5,250,1
248383,0.031047875,6,250,1
248633,0.031079125,7,250,1
248883,0.031110375,0,250,1
249133,0.031141625,1,250,1
249383,0.031172875,2,250,1
249633,0.031204125,3,250,1
249883,0.031235375,4,250,1
250133,0.031266625,5,250,1
250383,0.031297875,6,250,1
250633,0.031329125,7,250,1
250883,0.031360375,0,250,1
251133,0.031391625,1,250,1
251383,0.031422875,2,250,1
251633,0.031454125,3,250,1
251883,0.031485375,4,250,1
252133,0.031516625,5,248,1
252381,0.031547625,6,250,1
252631,0.031578875,7,250,1
252881,0.031610125,0,250,1
253131,0.031641375,1,250,1
253381,0.031672625,2,250,1
253631,0.031703875,3,250,1
253881,0.031735125,4,250,1
254131,0.031766375,5,250,1
254381,0.031797625,6,250,1
254631,0.031828875,7,250,1
254881,0.031860125,0,250,1
255131,0.031891375,1,250,1
255381,0.031922625,2,250,1
255631,0.031953875,3,250,1
255881,0.031985125,4,250,1
256131,0.032016375,5,250,1
256381,0.032047625,6,250,1
256631,0.032078875,7,250,1
256881,0.032110125,0,248,1
257129,0.032141125,1,250,1
257379,0.032172375,2,250,1
257629,0.032203625,3,250,1
257879,0.032234875,4,250,1
258129,0.032266125,5,250,1
258379,0.032297375,6,250,1
258629,0.032328625,7,250,1
258879,0.032359875,0,250,1
259129,0.032391125,1,250,1
259379,0.032422375,2,250,1
259629,0.032453625,3,250,1
259879,0.032484875,4,250,1
260129,0.032516125,5,250,1
260379,0.032547375,6,250,1
260629,0.032578625,7,250,1
260879,0.032609875,0,250,1
261129,0.032641125,1,250,1
261379,0.032672375,2,250,1
261629,0.032703625,3,248,1
261877,0.032734625,4,250,1
262127,0.032765875,5,250,1
262377,0.032797125,6,250,1
262627,0.032828375,7,250,1
262877,0.032859625,0,250,1
263127,0.032890875,1,250,1
263377,0.032922125,2,250,1
263627,0.032953375,3,250,1
263877,0.032984625,4,250,1
264127,0.033015875,5,250,1
264377,0.033047125,6,250,1
264627,0.033078375,7,250,1
264877,0.033109625,0,250,1
265127,0.033140875,1,250,1
265377,0.033172125,2,250,1
265627,0.033203375,3,250,1
265877,0.033234625,4,250,1
266127,0.033265875,5,250,1
266377,0.033297125,6,250,1
266627,0.033328375,7,248,1
266875,0.033359375,0,250,1
267125,0.033390625,1,250,1
267375,0.033421875,2,250,1
267625,0.033453125,3,250,1
267875,0.033484375,4,250,1
268125,0.033515625,5,250,1
268375,0.033546875,6,250,1
268625,0.033578125,7,250,1
268875,0.033609375,0,250,1
269125,0.033640625,1,250,1
269375,0.033671875,2,250,1
269625,0.033703125,3,250,1
269875,0.033734375,4,250,1
270125,0.033765625,5,250,1
270375,0.033796875,6,250,1
270625,0.033828125,7,250,1
270875,0.033859375,0,250,1
271125,0.033890625,1,250,1
271375,0.033921875,2,248,1
271623,0.033952875,3,250,1
271873,0.033984125,4,250,1
272123,0.034015375,5,250,1
272373,0.034046625,6,250,1
272623,0.034077875,7,250,1
272873,0.034109125,0,250,1
273123,0.034140375,1,250,1
273373,0.034171625,2,250,1
273623,0.034202875,3,250,1
273873,0.034234125,4,250,1
274123,0.034265375,5,250,1
274373,0.034296625,6,250,1
274623,0.034327875,7,250,1
274873,0.034359125,0,250,1
275123,0.034390375,1,250,1
275373,0.034421625,2,250,1
275623,0.034452875,3,250,1
275873,0.034484125,4,250,1
276123,0.034515375,5,248,1
276371,0.034546375,6,250,1
276621,0.034577625,7,250,1
276871,0.034608875,0,250,1
277121,0.034640125,1,250,1
277371,0.034671375,2,250,1
277621,0.034702625,3,250,1
277871,0.034733875,4,250,1
278121,0.034765125,5,250,1
278371,0.034796375,6,250,1
278621,0.034827625,7,250,1
278871,0.034858875,0,250,1
279121,0.034890125,1,250,1
279371,0.034921375,2,250,1
279621,0.034952625,3,250,1
279871,0.034983875,4,250,1
280121,0.035015125,5,250,1
280371,0.035046375,6,250,1
280621,0.035077625,7,250,1
280871,0.035108875,0,248,1
281119,0.035139875,1,250,1
281369,0.035171125,2,250,1
281619,0.035202375,3,250,1
281869,0.035233625,4,250,1
282119,0.035264875,5,250,1
282369,0.035296125,6,250,1
282619,0.035327375,7,250,1
282869,0.035358625,0,250,1
283119,0.035389875,1,250,1
283369,0.035421125,2,250,1
283619,0.035452375,3,250,1
283869,0.035483625,4,250,1
284119,0.035514875,5,250,1
284369,0.035546125,6,250,1
284619,0.035577375,7,250,1
284869,0.035608625,0,250,1
285119,0.035639875,1,250,1
285369,0.035671125,2,250,1
285619,0.035702375,3,248,1
285867,0.035733375,4,250,1
286117,0.035764625,5,250,1
286367,0.035795875,6,250,1
286617,0.035827125,7,250,1
286867,0.035858375,0,250,1
287117,0.035889625,1,250,1
287367,0.035920875,2,250,1
287617,0.035952125,3,250,1
287867,0.035983375,4,250,1
288117,0.036014625,5,250,1
288367,0.036045875,6,250,1
288617,0.036077125,7,250,1
288867,0.036108375,0,250,1
289117,0.036139625,1,250,1
289367,0.036170875,2,250,1
289617,0.036202125,3,250,1
289867,0.036233375,4,250,1
290117,0.036264625,5,250,1
290367,0.036295875,6,248,1
290615,0.036326875,7,250,1
290865,0.036358125,0,250,1
291115,0.036389375,1,250,1
291365,0.036420625,2,250,1
291615,0.036451875,3,250,1
291865,0.036483125,4,250,1
292115,0.036514375,5,250,1
292365,0.036545625,6,250,1
292615,0.036576875,7,250,1
292865,0.036608125,0,250,1
293115,0.036639375,1,250,1
293365,0.036670625,2,250,1
293615,0.036701875,3,250,1
293865,0.036733125,4,250,1
294115,0.036764375,5,250,1
294365,0.036795625,6,250,1
294615,0.036826875,7,250,1
294865,0.036858125,0,250,1
295115,0.036889375,1,250,1
295365,0.036920625,2,248,1
295613,0.036951625,3,250,1
295863,0.036982875,4,250,1
296113,0.037014125,5,250,1
296363,0.037045375,6,250,1
296613,0.037076625,7,250,1
296863,0.037107875,0,250,1
297113,0.037139125,1,250,1
297363,0.037170375,2,250,1
297613,0.037201625,3,250,1
297863,0.037232875,4,250,1
298113,0.037264125,5,250,1
298363,0.037295375,6,250,1
298613,0.037326625,7,250,1
298863,0.037357875,0,250,1
299113,0.037389125,1,250,1
299363,0.037420375,2,250,1
299613,0.037451625,3,250,1
299863,0.037482875,4,250,1
300113,0.037514125,5,248,1
300361,0.037545125,6,250,1
300611,0.037576375,7,250,1
300861,0.037607625,0,250,1
301111,0.037638875,1,250,1
301361,0.037670125,2,250,1
301611,0.037701375,3,250,1
301861,0.037732625,4,250,1
302111,0.037763875,5,250,1
302361,0.037795125,6,250,1
302611,0.037826375,7,250,1
302861,0.037857625,0,250,1
303111,0.037888875,1,250,1
303361,0.037920125,2,250,1
303611,0.037951375,3,250,1
303861,0.037982625,4,250,1
304111,0.038013875,5,250,1
304361,0.038045125,6,250,1
304611,0.038076375,7,250,1
304861,0.038107625,0,248,1
305109,0.038138625,1,250,1
305359,0.038169875,2,250,1
305609,0.038201125,3,250,1
305859,0.038232375,4,250,1
306109,0.038263625,5,250,1
306359,0.038294875,6,250,1
306609,0.038326125,7,250,1
306859,0.038357375,0,250,1
307109,0.038388625,1,250,1
307359,0.038419875,2,250,1
307609,0.038451125,3,250,1
307859,0.038482375,4,250,1
308109,0.038513625,5,250,1
308359,0.038544875,6,250,1
308609,0.038576125,7,250,1
308859,0.038607375,0,250,1
309109,0.038638625,1,250,1
309359,0.038669875,2,250,1
309609,0.038701125,3,248,1
309857,0.038732125,4,250,1
310107,0.038763375,5,250,1
310357,0.038794625,6,250,1
310607,0.038825875,7,250,1
310857,0.038857125,0,250,1
311107,0.038888375,1,250,1
311357,0.038919625,2,250,1
311607,0.038950875,3,250,1
311857,0.038982125,4,250,1
312107,0.039013375,5,250,1
312357,0.039044625,6,250,1
312607,0.039075875,7,250,1
312857,0.039107125,0,250,1
313107,0.039138375,1,250,1
313357,0.039169625,2,250,1
313607,0.039200875,3,250,1
313857,0.039232125,4,250,1
314107,0.039263375,5,250,1
314357,0.039294625,6,248,1
314605,0.039325625,7,250,1
314855,0.039356875,0,250,1
315105,0.039388125,1,250,1
315355,0.039419375,2,250,1
315605,0.039450625,3,250,1
315855,0.039481875,4,250,1
316105,0.039513125,5,250,1
316355,0.039544375,6,250,1
316605,0.039575625,7,250,1
316855,0.039606875,0,250,1
317105,0.039638125,1,250,1
317355,0.039669375,2,250,1
317605,0.039700625,3,250,1
317855,0.039731875,4,250,1
318105,0.039763125,5,250,1
318355,0.039794375,6,250,1
318605,0.039825625,7,250,1
318855,0.039856875,0,250,1
319105,0.039888125,1,250,1
319355,0.039919375,2,248,1
319603,0.039950375,3,250,1
319853,0.039981625,4,250,1
320103,0.040012875,5,250,1
320353,0.040044125,6,250,1
320603,0.040075375,7,250,1
320853,0.040106625,0,250,1
321103,0.040137875,1,250,1
321353,0.040169125,2,250,1
321603,0.040200375,3,250,1
321853,0.040231625,4,250,1
322103,0.040262875,5,250,1
322353,0.040294125,6,250,1
322603,0.040325375,7,250,1
322853,0.040356625,0,250,1
323103,0.040387875,1,250,1
323353,0.040419125,2,250,1
323603,0.040450375,3,250,1
323853,0.040481625,4,248,1
324101,0.040512625,5,250,1
324351,0.040543875,6,250,1
324601,0.040575125,7,250,1
324851,0.040606375,0,250,1
325101,0.040637625,1,250,1
325351,0.040668875,2,250,1
325601,0.040700125,3,250,1
325851,0.040731375,4,250,1
326101,0.040762625,5,250,1
326351,0.040793875,6,250,1
326601,0.040825125,7,250,1
326851,0.040856375,0,250,1
327101,0.040887625,1,250,1
327351,0.040918875,2,250,1
